Workbook

Sheet Dashboard
A1: SALES ANALYTICS DASHBOARD
A2: Excel Sales Analysis | Day 6–7 Practice Project
A4: TOTAL SALES | C4: TOTAL ORDERS | E4: AVERAGE ORDER VALUE | G4: TOTAL QUANTITY
A5: ='Analysis'!B4 | C5: ='Analysis'!B8 | E5: ='Analysis'!B5 | G5: ='Analysis'!B9
A8: Sales by Region | D8: Sales by Category | G8: Sales by Rep
A9: Region | B9: Sales | D9: Category | E9: Sales | G9: Rep | H9: Sales
A10: North | B10: ='Analysis'!B14 | D10: Electronics | E10: ='Analysis'!F14 | G10: Alice | H10: ='Analysis'!J14
A11: South | B11: ='Analysis'!B15 | D11: Apparel | E11: ='Analysis'!F15 | G11: Bob | H11: ='Analysis'!J15
A12: East | B12: ='Analysis'!B16 | D12: Home | E12: ='Analysis'!F16 | G12: Charlie | H12: ='Analysis'!J16
A13: West | B13: ='Analysis'!B17 | G13: David | H13: ='Analysis'!J17
A17: Monthly Sales Trend
A18: Month | B18: Sales
A19: 2026-01 | B19: ='Analysis'!B22
A20: 2026-02 | B20: ='Analysis'!B23
A21: 2026-03 | B21: ='Analysis'!B24
A22: 2026-04 | B22: ='Analysis'!B25
A23: 2026-05 | B23: ='Analysis'!B26

Sheet Raw Data
A1: Order ID | B1: Order Date | C1: Customer Name | D1: Region | E1: Product Category | F1: Quantity | G1: Unit Price | H1: Sales Rep
A2: ORD-1001 | B2: 2026-01-02 | C2: john SMITH | D2: North | E2: Electronics | F2: 3 | G2: 450 | H2: Alice
A3: ORD-1002 | B3: 2026-01-04 | C3: MARY JOHNSON | D3: South | E3: Apparel | F3: 5 | G3: 60 | H3: Bob
A4: ORD-1003 | B4: 2026-01-06 | C4: robert davis | D4: East | E4: Home | F4: 2 | G4: 120 | H4: Charlie
A5: ORD-1004 | B5: 2026-01-08 | C5: lisa brown | D5: West | E5: Electronics | F5: 1 | G5: 850 | H5: Alice
A6: ORD-1005 | B6: 2026-01-10 | C6: michael WILSON | D6: North | E6: Apparel | F6: 4 | G6: 75 | H6: David
A7: ORD-1006 | B7: 2026-01-12 | C7: sarah miller | D7: South | E7: Home | F7: 6 | G7: 90 | H7: Bob
A8: ORD-1007 | B8: 2026-01-15 | C8: david TAYLOR | D8: East | E8: Electronics | F8: 2 | G8: 450 | H8: Charlie
A9: ORD-1008 | B9: 2026-01-18 | C9: emily ANDERSON | D9: West | E9: Apparel | F9: 10 | G9: 40 | H9: David
A10: ORD-1009 | B10: 2026-01-20 | C10: james THOMAS | D10: North | E10: Home | F10: 3 | G10: 150 | H10: Alice
A11: ORD-1010 | B11: 2026-01-22 | C11: jessica JACKSON | D11: South | E11: Electronics | F11: 1 | G11: 1200 | H11: Bob
A12: ORD-1011 | B12: 2026-01-25 | C12: daniel WHITE | D12: East | E12: Apparel | F12: 7 | G12: 55 | H12: Charlie
A13: ORD-1012 | B13: 2026-01-28 | C13: ashley HARRIS | D13: West | E13: Home | F13: 4 | G13: 200 | H13: David
... A53: ORD-1005 | B53: 2026-01-10 | C53: michael WILSON | D53: North | E53: Apparel | F53: 4 | G53: 75 | H53: David

Sheet Clean Data
A1: Order ID | B1: Order Date | C1: Customer Name | D1: Region | E1: Product Category | F1: Quantity | G1: Unit Price | H1: Sales Rep | I1: Clean Customer Name | J1: Total Sales | K1: Order Size | L1: Sales Level | M1: Priority Order | N1: Special Order | O1: Price per Unit Check
A2: ORD-1001 | B2: 2026-01-02 | C2: john SMITH | D2: North | E2: Electronics | F2: 3 | G2: 450 | H2: Alice | I2: =PROPER(C2) | J2: =F2*G2 | K2: =IF(J2>=1000,"Large","Small") | L2: =IFS(J2>=2000,"Very High",J2>=1000,"High",J2>=500,"Medium",TRUE,"Low") | M2: =IF(AND(J2>=1000,F2>=5),"Priority","Normal") | N2: =IF(OR(F2>=10,J2>=2000),"Special","Normal") | O2: =IFERROR(J2/F2,0)
A3: ORD-1002 | B3: 2026-01-04 | C3: MARY JOHNSON | D3: South | E3: Apparel | F3: 5 | G3: 60 | H3: Bob | I3: =PROPER(C3) | J3: =F3*G3 | K3: =IF(J3>=1000,"Large","Small") | L3: =IFS(J3>=2000,"Very High",J3>=1000,"High",J3>=500,"Medium",TRUE,"Low") | M3: =IF(AND(J3>=1000,F3>=5),"Priority","Normal") | N3: =IF(OR(F3>=10,J3>=2000),"Special","Normal") | O3: =IFERROR(J3/F3,0)
A4: ORD-1003 | B4: 2026-01-06 | C4: robert davis | D4: East | E4: Home | F4: 2 | G4: 120 | H4: Charlie | I4: =PROPER(C4) | J4: =F4*G4 | K4: =IF(J4>=1000,"Large","Small") | L4: =IFS(J4>=2000,"Very High",J4>=1000,"High",J4>=500,"Medium",TRUE,"Low") | M4: =IF(AND(J4>=1000,F4>=5),"Priority","Normal") | N4: =IF(OR(F4>=10,J4>=2000),"Special","Normal") | O4: =IFERROR(J4/F4,0)
A5: ORD-1004 | B5: 2026-01-08 | C5: lisa brown | D5: West | E5: Electronics | F5: 1 | G5: 850 | H5: Alice | I5: =PROPER(C5) | J5: =F5*G5 | K5: =IF(J5>=1000,"Large","Small") | L5: =IFS(J5>=2000,"Very High",J5>=1000,"High",J5>=500,"Medium",TRUE,"Low") | M5: =IF(AND(J5>=1000,F5>=5),"Priority","Normal") | N5: =IF(OR(F5>=10,J5>=2000),"Special","Normal") | O5: =IFERROR(J5/F5,0)
A6: ORD-1005 | B6: 2026-01-10 | C6: michael WILSON | D6: North | E6: Apparel | F6: 4 | G6: 75 | H6: David | I6: =PROPER(C6) | J6: =F6*G6 | K6: =IF(J6>=1000,"Large","Small") | L6: =IFS(J6>=2000,"Very High",J6>=1000,"High",J6>=500,"Medium",TRUE,"Low") | M6: =IF(AND(J6>=1000,F6>=5),"Priority","Normal") | N6: =IF(OR(F6>=10,J6>=2000),"Special","Normal") | O6: =IFERROR(J6/F6,0)
A7: ORD-1006 | B7: 2026-01-12 | C7: sarah miller | D7: South | E7: Home | F7: 6 | G7: 90 | H7: Bob | I7: =PROPER(C7) | J7: =F7*G7 | K7: =IF(J7>=1000,"Large","Small") | L7: =IFS(J7>=2000,"Very High",J7>=1000,"High",J7>=500,"Medium",TRUE,"Low") | M7: =IF(AND(J7>=1000,F7>=5),"Priority","Normal") | N7: =IF(OR(F7>=10,J7>=2000),"Special","Normal") | O7: =IFERROR(J7/F7,0)
A8: ORD-1007 | B8: 2026-01-15 | C8: david TAYLOR | D8: East | E8: Electronics | F8: 2 | G8: 450 | H8: Charlie | I8: =PROPER(C8) | J8: =F8*G8 | K8: =IF(J8>=1000,"Large","Small") | L8: =IFS(J8>=2000,"Very High",J8>=1000,"High",J8>=500,"Medium",TRUE,"Low") | M8: =IF(AND(J8>=1000,F8>=5),"Priority","Normal") | N8: =IF(OR(F8>=10,J8>=2000),"Special","Normal") | O8: =IFERROR(J8/F8,0)
A9: ORD-1008 | B9: 2026-01-18 | C9: emily ANDERSON | D9: West | E9: Apparel | F9: 10 | G9: 40 | H9: David | I9: =PROPER(C9) | J9: =F9*G9 | K9: =IF(J9>=1000,"Large","Small") | L9: =IFS(J9>=2000,"Very High",J9>=1000,"High",J9>=500,"Medium",TRUE,"Low") | M9: =IF(AND(J9>=1000,F9>=5),"Priority","Normal") | N9: =IF(OR(F9>=10,J9>=2000),"Special","Normal") | O9: =IFERROR(J9/F9,0)
A10: ORD-1009 | B10: 2026-01-20 | C10: james THOMAS | D10: North | E10: Home | F10: 3 | G10: 150 | H10: Alice | I10: =PROPER(C10) | J10: =F10*G10 | K10: =IF(J10>=1000,"Large","Small") | L10: =IFS(J10>=2000,"Very High",J10>=1000,"High",J10>=500,"Medium",TRUE,"Low") | M10: =IF(AND(J10>=1000,F10>=5),"Priority","Normal") | N10: =IF(OR(F10>=10,J10>=2000),"Special","Normal") | O10: =IFERROR(J10/F10,0)
A11: ORD-1010 | B11: 2026-01-22 | C11: jessica JACKSON | D11: South | E11: Electronics | F11: 1 | G11: 1200 | H11: Bob | I11: =PROPER(C11) | J11: =F11*G11 | K11: =IF(J11>=1000,"Large","Small") | L11: =IFS(J11>=2000,"Very High",J11>=1000,"High",J11>=500,"Medium",TRUE,"Low") | M11: =IF(AND(J11>=1000,F11>=5),"Priority","Normal") | N11: =IF(OR(F11>=10,J11>=2000),"Special","Normal") | O11: =IFERROR(J11/F11,0)
A12: ORD-1011 | B12: 2026-01-25 | C12: daniel WHITE | D12: East | E12: Apparel | F12: 7 | G12: 55 | H12: Charlie | I12: =PROPER(C12) | J12: =F12*G12 | K12: =IF(J12>=1000,"Large","Small") | L12: =IFS(J12>=2000,"Very High",J12>=1000,"High",J12>=500,"Medium",TRUE,"Low") | M12: =IF(AND(J12>=1000,F12>=5),"Priority","Normal") | N12: =IF(OR(F12>=10,J12>=2000),"Special","Normal") | O12: =IFERROR(J12/F12,0)
A13: ORD-1012 | B13: 2026-01-28 | C13: ashley HARRIS | D13: West | E13: Home | F13: 4 | G13: 200 | H13: David | I13: =PROPER(C13) | J13: =F13*G13 | K13: =IF(J13>=1000,"Large","Small") | L13: =IFS(J13>=2000,"Very High",J13>=1000,"High",J13>=500,"Medium",TRUE,"Low") | M13: =IF(AND(J13>=1000,F13>=5),"Priority","Normal") | N13: =IF(OR(F13>=10,J13>=2000),"Special","Normal") | O13: =IFERROR(J13/F13,0)
... A53: ORD-1005 | B53: 2026-01-10 | C53: michael WILSON | D53: North | E53: Apparel | F53: 4 | G53: 75 | H53: David | I53: =PROPER(C53) | J53: =F53*G53 | K53: =IF(J53>=1000,"Large","Small") | L53: =IFS(J53>=2000,"Very High",J53>=1000,"High",J53>=500,"Medium",TRUE,"Low") | M53: =IF(AND(J53>=1000,F53>=5),"Priority","Normal") | N53: =IF(OR(F53>=10,J53>=2000),"Special","Normal") | O53: =IFERROR(J53/F53,0)

Sheet Lookup Practice
A1: Lookup Order ID | B1: XLOOKUP Customer | C1: VLOOKUP Customer | D1: INDEX/MATCH Customer
A2: ORD-1001 | B2: =XLOOKUP(A2,'Clean Data'!$A$2:$A$53,'Clean Data'!$I$2:$I$53,"Not Found") | C2: =VLOOKUP(A2,'Clean Data'!$A$2:$I$53,9,FALSE) | D2: =INDEX('Clean Data'!$I$2:$I$53,MATCH(A2,'Clean Data'!$A$2:$A$53,0))
A3: ORD-1010 | B3: =XLOOKUP(A3,'Clean Data'!$A$2:$A$53,'Clean Data'!$I$2:$I$53,"Not Found") | C3: =VLOOKUP(A3,'Clean Data'!$A$2:$I$53,9,FALSE) | D3: =INDEX('Clean Data'!$I$2:$I$53,MATCH(A3,'Clean Data'!$A$2:$A$53,0))
A4: ORD-1028 | B4: =XLOOKUP(A4,'Clean Data'!$A$2:$A$53,'Clean Data'!$I$2:$I$53,"Not Found") | C4: =VLOOKUP(A4,'Clean Data'!$A$2:$I$53,9,FALSE) | D4: =INDEX('Clean Data'!$I$2:$I$53,MATCH(A4,'Clean Data'!$A$2:$A$53,0))
A5: ORD-1050 | B5: =XLOOKUP(A5,'Clean Data'!$A$2:$A$53,'Clean Data'!$I$2:$I$53,"Not Found") | C5: =VLOOKUP(A5,'Clean Data'!$A$2:$I$53,9,FALSE) | D5: =INDEX('Clean Data'!$I$2:$I$53,MATCH(A5,'Clean Data'!$A$2:$A$53,0))

Sheet Analysis
A1: Sales Analysis
A3: Metric | B3: Formula / Result
A4: Total Sales | B4: =SUM('Clean Data'!$J$2:$J$53)
A5: Average Order Value | B5: =AVERAGE('Clean Data'!$J$2:$J$53)
A6: Minimum Sale | B6: =MIN('Clean Data'!$J$2:$J$53)
A7: Maximum Sale | B7: =MAX('Clean Data'!$J$2:$J$53)
A8: Number of Orders | B8: =COUNT('Clean Data'!$J$2:$J$53)
A9: Total Quantity | B9: =SUM('Clean Data'!$F$2:$F$53)
A12: Sales by Region | E12: Sales by Category | I12: Sales by Sales Rep
A13: Region | B13: Total Sales | C13: Orders | E13: Product Category | F13: Total Sales | G13: Orders | I13: Sales Rep | J13: Total Sales | K13: Orders
A14: North | B14: =SUMIF('Clean Data'!$D$2:$D$53,A14,'Clean Data'!$J$2:$J$53) | C14: =COUNTIF('Clean Data'!$D$2:$D$53,A14) | E14: Electronics | F14: =SUMIF('Clean Data'!$E$2:$E$53,E14,'Clean Data'!$J$2:$J$53) | G14: =COUNTIF('Clean Data'!$E$2:$E$53,E14) | I14: Alice | J14: =SUMIF('Clean Data'!$H$2:$H$53,I14,'Clean Data'!$J$2:$J$53) | K14: =COUNTIF('Clean Data'!$H$2:$H$53,I14)
A15: South | B15: =SUMIF('Clean Data'!$D$2:$D$53,A15,'Clean Data'!$J$2:$J$53) | C15: =COUNTIF('Clean Data'!$D$2:$D$53,A15) | E15: Apparel | F15: =SUMIF('Clean Data'!$E$2:$E$53,E15,'Clean Data'!$J$2:$J$53) | G15: =COUNTIF('Clean Data'!$E$2:$E$53,E15) | I15: Bob | J15: =SUMIF('Clean Data'!$H$2:$H$53,I15,'Clean Data'!$J$2:$J$53) | K15: =COUNTIF('Clean Data'!$H$2:$H$53,I15)
A16: East | B16: =SUMIF('Clean Data'!$D$2:$D$53,A16,'Clean Data'!$J$2:$J$53) | C16: =COUNTIF('Clean Data'!$D$2:$D$53,A16) | E16: Home | F16: =SUMIF('Clean Data'!$E$2:$E$53,E16,'Clean Data'!$J$2:$J$53) | G16: =COUNTIF('Clean Data'!$E$2:$E$53,E16) | I16: Charlie | J16: =SUMIF('Clean Data'!$H$2:$H$53,I16,'Clean Data'!$J$2:$J$53) | K16: =COUNTIF('Clean Data'!$H$2:$H$53,I16)
A17: West | B17: =SUMIF('Clean Data'!$D$2:$D$53,A17,'Clean Data'!$J$2:$J$53) | C17: =COUNTIF('Clean Data'!$D$2:$D$53,A17) | I17: David | J17: =SUMIF('Clean Data'!$H$2:$H$53,I17,'Clean Data'!$J$2:$J$53) | K17: =COUNTIF('Clean Data'!$H$2:$H$53,I17)
A20: Monthly Sales Trend
A21: Month | B21: Total Sales
A22: 2026-01 | B22: =SUMIFS('Clean Data'!$J$2:$J$53,'Clean Data'!$B$2:$B$53,">="&DATE(2026,1,1),'Clean Data'!$B$2:$B$53,"<"&EDATE(DATE(2026,1,1),1))
A23: 2026-02 | B23: =SUMIFS('Clean Data'!$J$2:$J$53,'Clean Data'!$B$2:$B$53,">="&DATE(2026,2,1),'Clean Data'!$B$2:$B$53,"<"&EDATE(DATE(2026,2,1),1))
A24: 2026-03 | B24: =SUMIFS('Clean Data'!$J$2:$J$53,'Clean Data'!$B$2:$B$53,">="&DATE(2026,3,1),'Clean Data'!$B$2:$B$53,"<"&EDATE(DATE(2026,3,1),1))
A25: 2026-04 | B25: =SUMIFS('Clean Data'!$J$2:$J$53,'Clean Data'!$B$2:$B$53,">="&DATE(2026,4,1),'Clean Data'!$B$2:$B$53,"<"&EDATE(DATE(2026,4,1),1))
A26: 2026-05 | B26: =SUMIFS('Clean Data'!$J$2:$J$53,'Clean Data'!$B$2:$B$53,">="&DATE(2026,5,1),'Clean Data'!$B$2:$B$53,"<"&EDATE(DATE(2026,5,1),1))

Sheet How To Practice
A1: Step | B1: What to practice | C1: Where
A2: 1 | B2: Clean names with PROPER | C2: Clean Data → Clean Customer Name
A3: 2 | B3: Find duplicate Order IDs | C3: Clean Data → highlighted Order ID
A4: 3 | B4: Calculate Total Sales | C4: Clean Data → Total Sales
A5: 4 | B5: IF classification | C5: Clean Data → Order Size
A6: 5 | B6: IFS classification | C6: Clean Data → Sales Level
A7: 6 | B7: AND condition | C7: Clean Data → Priority Order
A8: 7 | B8: OR condition | C8: Clean Data → Special Order
A9: 8 | B9: IFERROR | C9: Clean Data → Price per Unit Check
A10: 9 | B10: XLOOKUP | C10: Lookup Practice
A11: 10 | B11: VLOOKUP | C11: Lookup Practice
A12: 11 | B12: INDEX/MATCH | C12: Lookup Practice
... A16: 15 | B16: Rebuild it yourself | C16: Start from Raw Data
